{
  "brazil-flag": {
    "code": "+55",
    "name": "Brazil",
    "isoCode": "BR / BRA"
  },
  "united-states-flag": {
    "code": "+1",
    "name": "United States",
    "isoCode": "US / USA"
  },
  "afghanistan-flag": {
    "code": "+93",
    "name": "Afghanistan",
    "isoCode": "AF / AFG"
  },
  "south-africa-flag": {
    "code": "+27",
    "name": "South Africa",
    "isoCode": "ZA / ZAF"
  },
  "albania-flag": {
    "code": "+355",
    "name": "Albania",
    "isoCode": "AL / ALB"
  },
  "germany-flag": {
    "code": "+49",
    "name": "Germany",
    "isoCode": "DE / DEU"
  },
  "andorra-flag": {
    "code": "+376",
    "name": "Andorra",
    "isoCode": "AD / AND"
  },
  "angola-flag": {
    "code": "+244",
    "name": "Angola",
    "isoCode": "AO / AGO"
  },
  "anguilla-flag": {
    "code": "+1-264",
    "name": "Anguilla",
    "isoCode": "AI / AIA"
  },
  "antigua-and-barbuda-flag": {
    "code": "+1-268",
    "name": "Antigua and Barbuda",
    "isoCode": "AG / ATG"
  },
  "netherlands-antilles-flag": {
    "code": "+599",
    "name": "Netherlands Antilles",
    "isoCode": "AN / ANT"
  },
  "saudi-arabia-flag": {
    "code": "+966",
    "name": "Saudi Arabia",
    "isoCode": "SA / SAU"
  },
  "algeria-flag": {
    "code": "+213",
    "name": "Algeria",
    "isoCode": "DZ / DZA"
  },
  "argentina-flag": {
    "code": "+54",
    "name": "Argentina",
    "isoCode": "AR / ARG"
  },
  "armenia-flag": {
    "code": "+374",
    "name": "Armenia",
    "isoCode": "AM / ARM"
  },
  "aruba-flag": {
    "code": "+297",
    "name": "Aruba",
    "isoCode": "AW / ABW"
  },
  "australia-flag": {
    "code": "+61",
    "name": "Australia",
    "isoCode": "AU / AUS"
  },
  "austria-flag": {
    "code": "+43",
    "name": "Austria",
    "isoCode": "AT / AUT"
  },
  "azerbaijan-flag": {
    "code": "+994",
    "name": "Azerbaijan",
    "isoCode": "AZ / AZE"
  },
  "bahamas-flag": {
    "code": "+1-242",
    "name": "Bahamas",
    "isoCode": "BS / BHS"
  },
  "bahrain-flag": {
    "code": "+973",
    "name": "Bahrain",
    "isoCode": "BH / BHR"
  },
  "bangladesh-flag": {
    "code": "+880",
    "name": "Bangladesh",
    "isoCode": "BD / BGD"
  },
  "barbados-flag": {
    "code": "+1-246",
    "name": "Barbados",
    "isoCode": "BB / BRB"
  },
  "belgium-flag": {
    "code": "+32",
    "name": "Belgium",
    "isoCode": "BE / BEL"
  },
  "belize-flag": {
    "code": "+501",
    "name": "Belize",
    "isoCode": "BZ / BLZ"
  },
  "benin-flag": {
    "code": "+229",
    "name": "Benin",
    "isoCode": "BJ / BEN"
  },
  "bermuda-flag": {
    "code": "+1-441",
    "name": "Bermuda",
    "isoCode": "BM / BMU"
  },
  "belarus-flag": {
    "code": "+375",
    "name": "Belarus",
    "isoCode": "BY / BLR"
  },
  "bolivia-flag": {
    "code": "+591",
    "name": "Bolivia",
    "isoCode": "BO / BOL"
  },
  "bosnia-and-herzegovina-flag": {
    "code": "+387",
    "name": "Bosnia and Herzegovina",
    "isoCode": "BA / BIH"
  },
  "botswana-flag": {
    "code": "+267",
    "name": "Botswana",
    "isoCode": "BW / BWA"
  },
  "british-indian-ocean-territory-flag": {
    "code": "+246",
    "name": "British Indian Ocean Territory",
    "isoCode": "IO / IOT"
  },
  "british-virgin-islands-flag": {
    "code": "+1-284",
    "name": "British Virgin Islands",
    "isoCode": "VG / VGB"
  },
  "brunei-flag": {
    "code": "+673",
    "name": "Brunei",
    "isoCode": "BN / BRN"
  },
  "bulgaria-flag": {
    "code": "+359",
    "name": "Bulgaria",
    "isoCode": "BG / BGR"
  },
  "burkina-faso-flag": {
    "code": "+226",
    "name": "Burkina Faso",
    "isoCode": "BF / BFA"
  },
  "burundi-flag": {
    "code": "+257",
    "name": "Burundi",
    "isoCode": "BI / BDI"
  },
  "bhutan-flag": {
    "code": "+975",
    "name": "Bhutan",
    "isoCode": "BT / BTN"
  },
  "cape-verde-flag": {
    "code": "+238",
    "name": "Cape Verde",
    "isoCode": "CV / CPV"
  },
  "cameroon-flag": {
    "code": "+237",
    "name": "Cameroon",
    "isoCode": "CM / CMR"
  },
  "cambodia-flag": {
    "code": "+855",
    "name": "Cambodia",
    "isoCode": "KH / KHM"
  },
  "canada-flag": {
    "code": "+1",
    "name": "Canada",
    "isoCode": "CA / CAN"
  },
  "qatar-flag": {
    "code": "+974",
    "name": "Qatar",
    "isoCode": "QA / QAT"
  },
  "kazakhstan-flag": {
    "code": "+7",
    "name": "Kazakhstan",
    "isoCode": "KZ / KAZ"
  },
  "chad-flag": {
    "code": "+235",
    "name": "Chad",
    "isoCode": "TD / TCD"
  },
  "china-flag": {
    "code": "+86",
    "name": "China",
    "isoCode": "CN / CHN"
  },
  "chile-flag": {
    "code": "+56",
    "name": "Chile",
    "isoCode": "CL / CHL"
  },
  "chipre-flag": {
    "code": "+357",
    "name": "Cyprus",
    "isoCode": "CY / CYP"
  },
  "singapore-flag": {
    "code": "+65",
    "name": "Singapore",
    "isoCode": "SG / SGP"
  },
  "colombia-flag": {
    "code": "+57",
    "name": "Colombia",
    "isoCode": "CO / COL"
  },
  "comoros-flag": {
    "code": "+269",
    "name": "Comoros",
    "isoCode": "KM / COM"
  },
  "north-korea-flag": {
    "code": "+850",
    "name": "North Korea",
    "isoCode": "KP / PRK"
  },
  "ivory-coast-flag": {
    "code": "+225",
    "name": "Ivory Coast",
    "isoCode": "CI / CIV"
  },
  "costa-rica-flag": {
    "code": "+506",
    "name": "Costa Rica",
    "isoCode": "CR / CRI"
  },
  "croatia-flag": {
    "code": "+385",
    "name": "Croatia",
    "isoCode": "HR / HRV"
  },
  "cuba-flag": {
    "code": "+53",
    "name": "Cuba",
    "isoCode": "CU / CUB"
  },
  "curacao-flag": {
    "code": "+599",
    "name": "Curaçao",
    "isoCode": "CW / CUW"
  },
  "denmark-flag": {
    "code": "+45",
    "name": "Denmark",
    "isoCode": "DK / DNK"
  },
  "djibouti-flag": {
    "code": "+253",
    "name": "Djibouti",
    "isoCode": "DJ / DJI"
  },
  "dominica-flag": {
    "code": "+1-767",
    "name": "Dominica",
    "isoCode": "DM / DMA"
  },
  "ecuador-flag": {
    "code": "+593",
    "name": "Ecuador",
    "isoCode": "EC / ECU"
  },
  "egypt-flag": {
    "code": "+20",
    "name": "Egypt",
    "isoCode": "EG / EGY"
  },
  "el-salvador-flag": {
    "code": "+503",
    "name": "El Salvador",
    "isoCode": "SV / SLV"
  },
  "united-arab-emirates-flag": {
    "code": "+971",
    "name": "United Arab Emirates",
    "isoCode": "AE / ARE"
  },
  "eritrea-flag": {
    "code": "+291",
    "name": "Eritrea",
    "isoCode": "ER / ERI"
  },
  "spain-flag": {
    "code": "+34",
    "name": "Spain",
    "isoCode": "ES / ESP"
  },
  "slovakia-flag": {
    "code": "+421",
    "name": "Slovakia",
    "isoCode": "SK / SVK"
  },
  "slovenia-flag": {
    "code": "+386",
    "name": "Slovenia",
    "isoCode": "SI / SVN"
  },
  "estonia-flag": {
    "code": "+372",
    "name": "Estonia",
    "isoCode": "EE / EST"
  },
  "ethiopia-flag": {
    "code": "+251",
    "name": "Ethiopia",
    "isoCode": "ET / ETH"
  },
  "fiji-flag": {
    "code": "+679",
    "name": "Fiji",
    "isoCode": "FJ / FJI"
  },
  "philippines-flag": {
    "code": "+63",
    "name": "Philippines",
    "isoCode": "PH / PHL"
  },
  "finland-flag": {
    "code": "+358",
    "name": "Finland",
    "isoCode": "FI / FIN"
  },
  "france-flag": {
    "code": "+33",
    "name": "France",
    "isoCode": "FR / FRA"
  },
  "gabon-flag": {
    "code": "+241",
    "name": "Gabon",
    "isoCode": "GA / GAB"
  },
  "gambia-flag": {
    "code": "+220",
    "name": "Gambia",
    "isoCode": "GM / GMB"
  },
  "georgia-flag": {
    "code": "+995",
    "name": "Georgia",
    "isoCode": "GE / GEO"
  },
  "ghana-flag": {
    "code": "+233",
    "name": "Ghana",
    "isoCode": "GH / GHA"
  },
  "gibraltar-flag": {
    "code": "+350",
    "name": "Gibraltar",
    "isoCode": "GI / GIB"
  },
  "grenada-flag": {
    "code": "+1-473",
    "name": "Grenada",
    "isoCode": "GD / GRD"
  },
  "greece-flag": {
    "code": "+30",
    "name": "Greece",
    "isoCode": "GR / GRC"
  },
  "greenland-flag": {
    "code": "+299",
    "name": "Greenland",
    "isoCode": "GL / GRL"
  },
  "guam-flag": {
    "code": "+1-671",
    "name": "Guam",
    "isoCode": "GU / GUM"
  },
  "guatemala-flag": {
    "code": "+502",
    "name": "Guatemala",
    "isoCode": "GT / GTM"
  },
  "guernsey-flag": {
    "code": "+44-1481",
    "name": "Guernsey",
    "isoCode": "GG / GGY"
  },
  "guinea-flag": {
    "code": "+224",
    "name": "Guinea",
    "isoCode": "GN / GIN"
  },
  "guinea-bissau-flag": {
    "code": "+245",
    "name": "Guinea-Bissau",
    "isoCode": "GW / GNB"
  },
  "equatorial-guinea-flag": {
    "code": "+240",
    "name": "Equatorial Guinea",
    "isoCode": "GQ / GNQ"
  },
  "guyana-flag": {
    "code": "+592",
    "name": "Guyana",
    "isoCode": "GY / GUY"
  },
  "french-guyana-flag": {
    "code": "+594",
    "name": "French Guiana",
    "isoCode": "GQ / GNQ"
  },
  "haiti-flag": {
    "code": "+509",
    "name": "Haiti",
    "isoCode": "HT / HTI"
  },
  "netherlands-flag": {
    "code": "+31",
    "name": "Netherlands",
    "isoCode": "NL / NLD"
  },
  "honduras-flag": {
    "code": "+504",
    "name": "Honduras",
    "isoCode": "HN / HND"
  },
  "hong-kong-flag": {
    "code": "+852",
    "name": "Hong Kong",
    "isoCode": "HK / HKG"
  },
  "hungary-flag": {
    "code": "+36",
    "name": "Hungary",
    "isoCode": "HU / HUN"
  },
  "iceland-flag": {
    "code": "+354",
    "name": "Iceland",
    "isoCode": "IS / ISL"
  },
  "yemen-flag": {
    "code": "+967",
    "name": "Yemen",
    "isoCode": "YE / YEM"
  },
  "cayman-islands-flag": {
    "code": "+1-345",
    "name": "Cayman Islands",
    "isoCode": "KY / CYM"
  },
  "isle-of-man-flag": {
    "code": "+44-1624",
    "name": "Isle of Man",
    "isoCode": "IM / IMN"
  },
  "christmas-island-flag": {
    "code": "+61",
    "name": "Christmas Island",
    "isoCode": "CX / CXR"
  },
  "cook-islands-flag": {
    "code": "+682",
    "name": "Cook Islands",
    "isoCode": "CK / COK"
  },
  "falkland-islands-flag": {
    "code": "+500",
    "name": "Falkland Islands",
    "isoCode": "FK / FLK"
  },
  "faroe-islands-flag": {
    "code": "+298",
    "name": "Faroe Islands",
    "isoCode": "FO / FRO"
  },
  "marshall-islands-flag": {
    "code": "+692",
    "name": "Marshall Islands",
    "isoCode": "MH / MHL"
  },
  "northern-mariana-islands-flag": {
    "code": "+1-670",
    "name": "Northern Mariana Islands",
    "isoCode": "MP / MNP"
  },
  "solomon-islands-flag": {
    "code": "+677",
    "name": "Solomon Islands",
    "isoCode": "SB / SLB"
  },
  "turks-and-caicos-islands-flag": {
    "code": "+1-649",
    "name": "Turks and Caicos Islands",
    "isoCode": "TC / TCA"
  },
  "u.s.-virgin-islands-flag": {
    "code": "+1-340",
    "name": "U.S. Virgin Islands",
    "isoCode": "VI / VIR"
  },
  "india-flag": {
    "code": "+91",
    "name": "India",
    "isoCode": "IN / IND"
  },
  "indonesia-flag": {
    "code": "+62",
    "name": "Indonesia",
    "isoCode": "ID / IDN"
  },
  "iran-flag": {
    "code": "+98",
    "name": "Iran",
    "isoCode": "IR / IRN"
  },
  "iraq-flag": {
    "code": "+964",
    "name": "Iraq",
    "isoCode": "IQ / IRQ"
  },
  "ireland-flag": {
    "code": "+353",
    "name": "Ireland",
    "isoCode": "IE / IRL"
  },
  "israel-flag": {
    "code": "+972",
    "name": "Israel",
    "isoCode": "IL / ISR"
  },
  "italy-flag": {
    "code": "+39",
    "name": "Italy",
    "isoCode": "IT / ITA"
  },
  "jamaica-flag": {
    "code": "+1-876",
    "name": "Jamaica",
    "isoCode": "JM / JAM"
  },
  "japan-flag": {
    "code": "+81",
    "name": "Japan",
    "isoCode": "JP / JPN"
  },
  "jersey-flag": {
    "code": "+44-1534",
    "name": "Jersey",
    "isoCode": "JE / JEY"
  },
  "jordan-flag": {
    "code": "+962",
    "name": "Jordan",
    "isoCode": "JO / JOR"
  },
  "kiribati-flag": {
    "code": "+686",
    "name": "Kiribati",
    "isoCode": "KI / KIR"
  },
  "kosovo-flag": {
    "code": "+383",
    "name": "Kosovo",
    "isoCode": "XK / XKX"
  },
  "kuwait-flag": {
    "code": "+965",
    "name": "Kuwait",
    "isoCode": "KW / KWT"
  },
  "laos-flag": {
    "code": "+856",
    "name": "Laos",
    "isoCode": "LA / LAO"
  },
  "latvia-flag": {
    "code": "+371",
    "name": "Latvia",
    "isoCode": "LV / LVA"
  },
  "lebanon-flag": {
    "code": "+961",
    "name": "Lebanon",
    "isoCode": "LB / LBN"
  },
  "lesotho-flag": {
    "code": "+266",
    "name": "Lesotho",
    "isoCode": "LS / LSO"
  },
  "liberia-flag": {
    "code": "+231",
    "name": "Liberia",
    "isoCode": "LR / LBR"
  },
  "libya-flag": {
    "code": "+218",
    "name": "Libya",
    "isoCode": "LY / LBY"
  },
  "liechtenstein-flag": {
    "code": "+423",
    "name": "Liechtenstein",
    "isoCode": "LI / LIE"
  },
  "lithuania-flag": {
    "code": "+370",
    "name": "Lithuania",
    "isoCode": "LT / LTU"
  },
  "luxembourg-flag": {
    "code": "+352",
    "name": "Luxembourg",
    "isoCode": "LU / LUX"
  },
  "macau-flag": {
    "code": "+853",
    "name": "Macau",
    "isoCode": "MO / MAC"
  },
  "macedonia-flag": {
    "code": "+389",
    "name": "Macedonia",
    "isoCode": "MK / MKD"
  },
  "madagascar-flag": {
    "code": "+261",
    "name": "Madagascar",
    "isoCode": "MG / MDG"
  },
  "malawi-flag": {
    "code": "+265",
    "name": "Malawi",
    "isoCode": "MW / MWI"
  },
  "malaysia-flag": {
    "code": "+60",
    "name": "Malaysia",
    "isoCode": "MY / MYS"
  },
  "maldives-flag": {
    "code": "+960",
    "name": "Maldives",
    "isoCode": "MV / MDV"
  },
  "mali-flag": {
    "code": "+223",
    "name": "Mali",
    "isoCode": "ML / MLI"
  },
  "malta-flag": {
    "code": "+356",
    "name": "Malta",
    "isoCode": "MT / MLT"
  },
  "martinique-flag": {
    "code": "+596",
    "name": "Martinique",
    "isoCode": "MQ / MTQ"
  },
  "mauritania-flag": {
    "code": "+222",
    "name": "Mauritania",
    "isoCode": "MR / MRT"
  },
  "mauritius-flag": {
    "code": "+230",
    "name": "Mauritius",
    "isoCode": "MU / MUS"
  },
  "mayotte-flag": {
    "code": "+262",
    "name": "Mayotte",
    "isoCode": "YT / MYT"
  },
  "mexico-flag": {
    "code": "+52",
    "name": "Mexico",
    "isoCode": "MX / MEX"
  },
  "micronesia-flag": {
    "code": "+691",
    "name": "Micronesia",
    "isoCode": "FM / FSM"
  },
  "moldova-flag": {
    "code": "+373",
    "name": "Moldova",
    "isoCode": "MD / MDA"
  },
  "monaco-flag": {
    "code": "+377",
    "name": "Monaco",
    "isoCode": "MC / MCO"
  },
  "mongolia-flag": {
    "code": "+976",
    "name": "Mongolia",
    "isoCode": "MN / MNG"
  },
  "montenegro-flag": {
    "code": "+382",
    "name": "Montenegro",
    "isoCode": "ME / MNE"
  },
  "montserrat-flag": {
    "code": "+1-664",
    "name": "Montserrat",
    "isoCode": "MS / MSR"
  },
  "morocco-flag": {
    "code": "+212",
    "name": "Morocco",
    "isoCode": "MA / MAR"
  },
  "mozambique-flag": {
    "code": "+258",
    "name": "Mozambique",
    "isoCode": "MZ / MOZ"
  },
  "myanmar-flag": {
    "code": "+95",
    "name": "Myanmar",
    "isoCode": "MM / MMR"
  },
  "namibia-flag": {
    "code": "+264",
    "name": "Namibia",
    "isoCode": "NA / NAM"
  },
  "nauru-flag": {
    "code": "+674",
    "name": "Nauru",
    "isoCode": "NR / NRU"
  },
  "nepal-flag": {
    "code": "+977",
    "name": "Nepal",
    "isoCode": "NP / NPL"
  },
  "nicaragua-flag": {
    "code": "+505",
    "name": "Nicaragua",
    "isoCode": "NI / NIC"
  },
  "niger-flag": {
    "code": "+227",
    "name": "Niger",
    "isoCode": "NE / NER"
  },
  "nigeria-flag": {
    "code": "+234",
    "name": "Nigeria",
    "isoCode": "NG / NGA"
  },
  "niue-flag": {
    "code": "+683",
    "name": "Niue",
    "isoCode": "NU / NIU"
  },
  "norway-flag": {
    "code": "+47",
    "name": "Norway",
    "isoCode": "NO / NOR"
  },
  "new-caledonia-flag": {
    "code": "+687",
    "name": "New Caledonia",
    "isoCode": "NC / NCL"
  },
  "new-zealand-flag": {
    "code": "+64",
    "name": "New Zealand",
    "isoCode": "NZ / NZL"
  },
  "oman-flag": {
    "code": "+968",
    "name": "Oman",
    "isoCode": "OM / OMN"
  },
  "pakistan-flag": {
    "code": "+92",
    "name": "Pakistan",
    "isoCode": "PK / PAK"
  },
  "palau-flag": {
    "code": "+680",
    "name": "Palau",
    "isoCode": "PW / PLW"
  },
  "palestine-flag": {
    "code": "+970",
    "name": "Palestine",
    "isoCode": "PS / PSE"
  },
  "panama-flag": {
    "code": "+507",
    "name": "Panama",
    "isoCode": "PA / PAN"
  },
  "papua-new-guinea-flag": {
    "code": "+675",
    "name": "Papua New Guinea",
    "isoCode": "PG / PNG"
  },
  "paraguay-flag": {
    "code": "+595",
    "name": "Paraguay",
    "isoCode": "PY / PRY"
  },
  "peru-flag": {
    "code": "+51",
    "name": "Peru",
    "isoCode": "PE / PER"
  },
  "pitcairn-flag": {
    "code": "+64",
    "name": "Pitcairn",
    "isoCode": "PN / PCN"
  },
  "poland-flag": {
    "code": "+48",
    "name": "Poland",
    "isoCode": "PL / POL"
  },
  "french-polynesia-flag": {
    "code": "+689",
    "name": "French Polynesia",
    "isoCode": "PF / PYF"
  },
  "portugal-flag": {
    "code": "+351",
    "name": "Portugal",
    "isoCode": "PT / PRT"
  },
  "puerto-rico-flag": {
    "code": "+1-787",
    "name": "Puerto Rico",
    "isoCode": "PR / PRI"
  },
  "kenya-flag": {
    "code": "+254",
    "name": "Kenya",
    "isoCode": "KE / KEN"
  },
  "kyrgyzstan-flag": {
    "code": "+996",
    "name": "Kyrgyzstan",
    "isoCode": "KG / KGZ"
  },
  "central-african-republic-flag": {
    "code": "+236",
    "name": "Central African Republic",
    "isoCode": "CF / CAF"
  },
  "czech-republic-flag": {
    "code": "+420",
    "name": "Czech Republic",
    "isoCode": "CZ / CZE"
  },
  "dominican-republic-flag": {
    "code": "+1-809",
    "name": "Dominican Republic",
    "isoCode": "DO / DOM"
  },
  "united-kingdom-flag": {
    "code": "+44",
    "name": "United Kingdom",
    "isoCode": "GB / GBR"
  },
  "republic-of-the-congo-flag": {
    "code": "+242",
    "name": "Republic of the Congo",
    "isoCode": "CG / COG"
  },
  "democratic-republic-of-congo-flag": {
    "code": "+243",
    "name": "Democratic Republic of the Congo",
    "isoCode": "CD / COD"
  },
  "reunion-flag": {
    "code": "+262",
    "name": "Réunion",
    "isoCode": "RE / REU"
  },
  "romania-flag": {
    "code": "+40",
    "name": "Romania",
    "isoCode": "RO / ROU"
  },
  "russia-flag": {
    "code": "+7",
    "name": "Russia",
    "isoCode": "RU / RUS"
  },
  "rwanda-flag": {
    "code": "+250",
    "name": "Rwanda",
    "isoCode": "RW / RWA"
  },
  "western-sahara-flag": {
    "code": "+212",
    "name": "Western Sahara",
    "isoCode": "EH / ESH"
  },
  "saint-barthelemy-flag": {
    "code": "+590",
    "name": "Saint Barthélemy",
    "isoCode": "BL / BLM"
  },
  "saint-helena-flag": {
    "code": "+290",
    "name": "Saint Helena",
    "isoCode": "SH / SHN"
  },
  "saint-kitts-and-nevis-flag": {
    "code": "+1-869",
    "name": "Saint Kitts and Nevis",
    "isoCode": "KN / KNA"
  },
  "saint-lucia-flag": {
    "code": "+1-758",
    "name": "Saint Lucia",
    "isoCode": "LC / LCA"
  },
  "saint-martin-flag": {
    "code": "+590",
    "name": "Saint Martin",
    "isoCode": "MF / MAF"
  },
  "saint-pierre-and-miquelon-flag": {
    "code": "+508",
    "name": "Saint Pierre and Miquelon",
    "isoCode": "PM / SPM"
  },
  "saint-vincent-and-the-grenadines-flag": {
    "code": "+1-784",
    "name": "Saint Vincent and the Grenadines",
    "isoCode": "VC / VCT"
  },
  "samoa-flag": {
    "code": "+685",
    "name": "Samoa",
    "isoCode": "WS / WSM"
  },
  "american-samoa-flag": {
    "code": "+1-684",
    "name": "American Samoa",
    "isoCode": "AS / ASM"
  },
  "san-marino-flag": {
    "code": "+378",
    "name": "San Marino",
    "isoCode": "SM / SMR"
  },
  "sao-tome-and-principe-flag": {
    "code": "+239",
    "name": "Sao Tome and Principe",
    "isoCode": "ST / STP"
  },
  "senegal-flag": {
    "code": "+221",
    "name": "Senegal",
    "isoCode": "SN / SEN"
  },
  "serbia-flag": {
    "code": "+381",
    "name": "Serbia",
    "isoCode": "RS / SRB"
  },
  "seychelles-flag": {
    "code": "+248",
    "name": "Seychelles",
    "isoCode": "SC / SYC"
  },
  "sierra-leone-flag": {
    "code": "+232",
    "name": "Sierra Leone",
    "isoCode": "SL / SLE"
  },
  "sint-maarten-flag": {
    "code": "+1-721",
    "name": "Sint Maarten",
    "isoCode": "SX / SXM"
  },
  "somalia-flag": {
    "code": "+252",
    "name": "Somalia",
    "isoCode": "SO / SOM"
  },
  "south-korea-flag": {
    "code": "+82",
    "name": "South Korea",
    "isoCode": "KR / KOR"
  },
  "south-sudan-flag": {
    "code": "+211",
    "name": "South Sudan",
    "isoCode": "SS / SSD"
  },
  "sri-lanka-flag": {
    "code": "+94",
    "name": "Sri Lanka",
    "isoCode": "LK / LKA"
  },
  "sudan-flag": {
    "code": "+249",
    "name": "Sudan",
    "isoCode": "SD / SDN"
  },
  "suriname-flag": {
    "code": "+597",
    "name": "Suriname",
    "isoCode": "SR / SUR"
  },
  "svalbard-and-jan-mayen-flag": {
    "code": "+47",
    "name": "Svalbard and Jan Mayen",
    "isoCode": "SJ / SJM"
  },
  "swaziland-flag": {
    "code": "+268",
    "name": "Swaziland",
    "isoCode": "SZ / SWZ"
  },
  "sweden-flag": {
    "code": "+46",
    "name": "Sweden",
    "isoCode": "SE / SWE"
  },
  "switzerland-flag": {
    "code": "+41",
    "name": "Switzerland",
    "isoCode": "CH / CHE"
  },
  "syria-flag": {
    "code": "+963",
    "name": "Syria",
    "isoCode": "SY / SYR"
  },
  "taiwan-flag": {
    "code": "+886",
    "name": "Taiwan",
    "isoCode": "TW / TWN"
  },
  "tajikistan-flag": {
    "code": "+992",
    "name": "Tajikistan",
    "isoCode": "TJ / TJK"
  },
  "tanzania-flag": {
    "code": "+255",
    "name": "Tanzania",
    "isoCode": "TZ / TZA"
  },
  "thailand-flag": {
    "code": "+66",
    "name": "Thailand",
    "isoCode": "TH / THA"
  },
  "east-timor-flag": {
    "code": "+670",
    "name": "East Timor",
    "isoCode": "TL / TLS"
  },
  "togo-flag": {
    "code": "+228",
    "name": "Togo",
    "isoCode": "TG / TGO"
  },
  "tokelau-flag": {
    "code": "+690",
    "name": "Tokelau",
    "isoCode": "TK / TKL"
  },
  "tonga-flag": {
    "code": "+676",
    "name": "Tonga",
    "isoCode": "TO / TON"
  },
  "trinidad-and-tobago-flag": {
    "code": "+1-868",
    "name": "Trinidad and Tobago",
    "isoCode": "TT / TTO"
  },
  "tunisia-flag": {
    "code": "+216",
    "name": "Tunisia",
    "isoCode": "TN / TUN"
  },
  "turkey-flag": {
    "code": "+90",
    "name": "Turkey",
    "isoCode": "TR / TUR"
  },
  "turkmenistan-flag": {
    "code": "+993",
    "name": "Turkmenistan",
    "isoCode": "TM / TKM"
  },
  "tuvalu-flag": {
    "code": "+688",
    "name": "Tuvalu",
    "isoCode": "TV / TUV"
  },
  "uganda-flag": {
    "code": "+256",
    "name": "Uganda",
    "isoCode": "UG / UGA"
  },
  "ukraine-flag": {
    "code": "+380",
    "name": "Ukraine",
    "isoCode": "UA / UKR"
  },
  "uruguay-flag": {
    "code": "+598",
    "name": "Uruguay",
    "isoCode": "UY / URY"
  },
  "uzbekistan-flag": {
    "code": "+998",
    "name": "Uzbekistan",
    "isoCode": "UZ / UZB"
  },
  "vanuatu-flag": {
    "code": "+678",
    "name": "Vanuatu",
    "isoCode": "VU / VUT"
  },
  "vatican-flag": {
    "code": "+379",
    "name": "Vatican City",
    "isoCode": "VA / VAT"
  },
  "venezuela-flag": {
    "code": "+58",
    "name": "Venezuela",
    "isoCode": "VE / VEN"
  },
  "vietnam-flag": {
    "code": "+84",
    "name": "Vietnam",
    "isoCode": "VN / VNM"
  },
  "wallis-and-futuna-flag": {
    "code": "+681",
    "name": "Wallis and Futuna",
    "isoCode": "WF / WLF"
  },
  "zambia-flag": {
    "code": "+260",
    "name": "Zambia",
    "isoCode": "ZM / ZMB"
  },
  "zimbabwe-flag": {
    "code": "+263",
    "name": "Zimbabwe",
    "isoCode": "ZW / ZWE"
  }
}
